Month,Avg_LaeqD,Avg_LaeqN
1,38.987629248539065,40.40745578119466
2,43.518296694809706,42.22307044202104
3,44.405005259275725,42.91094080249547
4,41.91831500712009,43.16920990088924
