Month,Avg_LaeqD,Avg_LaeqN
01,29.777419354838713,33.667741935483875
02,41.44137931034483,39.32413793103448
03,37.74838709677419,42.15161290322581
04,36.26333333333333,40.593333333333334
