Month,Avg_LaeqD,Avg_LaeqN
01,13.07741935483871,9.425806451612903
02,8.621428571428572,11.335714285714285
03,20.429032258064517,16.951612903225808
04,22.07,23.096666666666668
05,26.612903225806456,24.193548387096776
06,20.936666666666667,25.660000000000004
07,6.519354838709678,9.625806451612902
08,18.225806451612904,21.43225806451613
09,19.096666666666668,23.746666666666666
10,14.419354838709676,8.929032258064517
11,21.533333333333335,21.47666666666667
12,15.077419354838709,14.809677419354838
