Month,Avg_LaeqD,Avg_LaeqN
1,35.51648568899816,42.41912193914348
2,37.667500778445294,41.61988791933908
3,36.644232898191134,40.317521174135976
4,39.47127637734123,40.71370379103076
5,40.491388089787776,42.20476528854313
6,40.48296029606202,41.53730930208769
7,29.579797539885853,36.063718549559894
8,37.12421368417945,40.8312177189871
9,38.1728061783724,41.244276657838384
10,39.835965571857315,40.82050971624668
11,41.89119763299289,42.69135618924655
12,39.30629863276361,39.29034052409169
