Month,Avg_LaeqD,Avg_LaeqN
1,57.488172489100826,51.01328035171659
2,57.56549616593971,50.91340988026447
3,58.01304473077032,51.535766716184604
4,58.49905406251982,51.383014179202746
5,58.45509173093066,51.762529917303894
6,58.56016500167034,52.13899829777175
7,58.37466908555325,51.63274472665328
8,58.3759219121728,51.99268406229761
9,58.44249361344186,52.09784588854455
10,58.90590230574559,52.008040825487
11,58.565404598112465,51.93277444392983
12,57.973726383373645,51.17302444821024
