Month,Avg_LaeqD,Avg_LaeqN
01,29.68387096774193,27.07741935483871
02,28.875,18.335714285714285
03,30.519354838709674,21.55483870967742
04,22.08333333333333,21.526666666666667
05,33.21612903225807,23.38064516129032
06,27.166666666666664,25.746666666666666
07,35.05483870967742,24.658064516129034
08,23.322580645161295,28.122580645161285
09,29.44,24.526666666666664
10,28.458064516129035,23.21290322580645
11,36.87666666666667,35.470000000000006
12,21.029032258064515,24.403225806451612
