Month,Avg_LaeqD,Avg_LaeqN
1,33.78468677666507,33.86782483974396
2,33.738185403152634,36.245104674453124
3,31.35472443693179,30.772864652277253
4,33.9134003186383,30.35131759580826
5,46.30507930429334,34.734168345942194
6,34.38796379101616,36.16640247630886
7,35.0329115488358,32.839851749250016
8,39.14466346352355,36.95964413418234
9,34.40815992775623,35.79053065488259
10,34.640828332740334,37.162647152821705
11,34.41704615314006,38.730256064695055
12,35.78929588294232,39.05744766238217
