Month,Avg_LaeqD,Avg_LaeqN
01,41.21612903225807,28.34516129032258
02,45.6,31.53214285714285
03,56.280645161290316,46.225806451612904
04,61.683333333333344,54.61666666666666
05,62.62903225806452,53.061290322580646
06,61.98666666666666,53.44666666666667
07,56.964516129032276,51.41290322580645
08,54.564516129032256,41.90322580645161
09,55.14666666666666,45.35666666666667
10,59.225806451612904,51.5741935483871
11,43.336666666666666,33.53
12,39.90645161290323,31.348387096774193
