Month,Avg_LaeqD,Avg_LaeqN
1,67.46872191469295,61.00899810233369
2,68.72547628907073,62.8207041500837
3,69.38655205265457,63.25195924673282
4,68.997763261223,62.24949114464288
