Month,Avg_LaeqD,Avg_LaeqN
01,67.32903225806453,60.05483870967742
02,56.758620689655174,50.97931034482759
03,69.3258064516129,62.75161290322582
04,68.91333333333333,59.79666666666666
