Month,Avg_LaeqD,Avg_LaeqN
1,41.72514346881661,38.48463546328831
2,42.42207405037061,36.71848083383303
3,43.21115978584594,40.07590731707917
4,52.56089736656761,45.55432878753156
5,42.919142452647556,36.724400103924424
6,44.025207101098545,38.38275105001144
7,43.26391047113532,37.80573768162816
8,41.80852090641737,37.41270179332054
9,46.67717000436611,43.25910903709942
10,47.25073196451611,42.74515121210995
11,42.12602891719004,44.378822319952775
