Month,Avg_LaeqD,Avg_LaeqN
1,57.076461945789525,50.825260023990154
2,58.72151055580156,52.04619038981774
3,59.07642854503732,52.86440226475352
4,57.655499996183615,51.03110890479256
5,58.96668148748574,52.85960926483381
6,57.86202838696927,52.909569985502046
7,42.604535299865454,44.29087541235512
8,58.54066783951197,52.59449838875472
9,59.15228573511247,53.182972847732515
10,58.83896292709736,52.55919557694381
11,54.45401117898864,49.58650481487685
12,58.127352109299096,51.602775945017484
