Month,Avg_LaeqD,Avg_LaeqN
01,2.670967741935484,2.6677419354838707
02,5.9862068965517246,3.8241379310344827
03,11.690322580645162,1.1161290322580646
04,2.7266666666666666,2.3033333333333332
