Month,Avg_LaeqD,Avg_LaeqN
01,18.387096774193548,6.019354838709678
02,18.535714285714285,8.839285714285715
03,23.780645161290323,16.616129032258065
04,33.973333333333336,20.156666666666663
05,25.980645161290326,16.322580645161292
06,32.45,17.85333333333333
07,32.34193548387097,9.541935483870969
08,34.91935483870968,16.638709677419357
09,27.61,15.463333333333333
10,23.364516129032257,8.748387096774195
11,25.013333333333332,14.743333333333334
12,24.100000000000005,16.45483870967742
