Month,Avg_LaeqD,Avg_LaeqN
01,64.44838709677418,57.41290322580645
02,64.70714285714286,55.660714285714285
03,63.809677419354834,56.964516129032255
04,66.69,60.22333333333333
05,67.15806451612903,59.829032258064515
06,68.61666666666666,61.766666666666666
07,68.16129032258064,61.05483870967741
08,62.16774193548388,58.193548387096776
09,68.80333333333333,61.52333333333333
10,41.27096774193548,34.729032258064514
11,68.03,61.173333333333325
12,66.81935483870969,58.04838709677419
