Month,Avg_LaeqD,Avg_LaeqN
1,53.66952107797745,46.546798225489916
2,51.97612899042849,44.899471273770864
3,49.44844332706702,43.50420830363546
4,46.68029535329601,41.30338354769095
5,49.003048771987196,42.73908494603803
6,51.61932593859091,43.70769410304716
7,45.957642898414186,38.789935138555386
8,46.4154290277868,42.22464767961392
9,47.07769606521743,43.055432172634255
10,46.033556796572114,43.468275432663916
11,47.55167666752008,41.469460835041254
12,44.4955983046965,41.473661104676
