Month,Avg_LaeqD,Avg_LaeqN
01,23.209677419354836,30.187096774193556
02,24.396428571428572,33.98214285714286
03,18.37741935483871,26.058064516129026
04,10.94,15.593333333333332
05,32.68064516129032,33.65483870967742
06,34.193333333333335,31.0
07,35.70322580645162,36.31612903225806
08,24.08387096774194,29.683870967741935
09,33.98,36.29666666666667
10,30.590322580645168,26.845161290322586
11,22.916666666666664,29.22000000000001
12,21.55806451612903,25.206451612903226
