Month,Avg_LaeqD,Avg_LaeqN
1,38.59229664662329,37.662848223398576
2,37.141869806989924,39.053275205077036
3,33.96816565503388,36.86337560938378
4,37.749125945937536,37.42654783892721
5,43.06025543751986,38.984730997867985
6,44.89178037904891,38.545184312743714
7,41.551620259058424,40.0019195779481
8,36.64159326901233,37.89737464495711
9,38.30379146770059,39.588419808290816
10,36.950627254866966,37.90858503502755
11,35.150025445173306,37.633714674703334
12,36.38926844738181,38.269192474069015
