Month,Avg_LaeqD,Avg_LaeqN
01,57.81935483870968,50.619354838709675
02,58.48571428571429,51.05357142857142
03,48.29677419354839,38.38064516129033
04,20.783333333333335,8.796666666666665
05,29.59354838709677,21.529032258064518
06,21.663333333333334,17.026666666666667
07,58.9741935483871,50.98064516129031
08,58.90967741935483,50.941935483870964
09,59.46,51.51
10,42.22903225806452,32.77741935483871
11,59.216666666666676,52.10333333333334
12,58.26129032258064,50.57419354838711
