Month,Avg_LaeqD,Avg_LaeqN
01,43.68709677419355,21.167741935483868
02,44.64285714285713,18.29285714285714
03,37.56774193548387,19.051612903225802
04,30.776666666666667,19.279999999999994
05,44.122580645161285,25.6258064516129
06,38.89666666666667,26.970000000000002
07,43.93870967741935,30.593548387096774
08,28.245161290322578,10.790322580645162
09,35.03,22.41
10,52.041935483870965,33.01935483870968
11,35.370000000000005,14.773333333333335
12,40.79677419354837,28.141935483870967
