Month,Avg_LaeqD,Avg_LaeqN
1,49.360093771222644,47.664847932566985
2,48.682130746043306,48.29601607599904
3,46.898624970351236,45.01345208857217
4,39.851127631157794,38.75758014682168
5,43.50705427991691,40.185130498017266
6,44.51002714218778,37.339062467124776
7,40.47464105563791,41.694084291362394
8,41.59920894768682,42.35173201406835
9,45.55765668723984,44.63424329041328
10,44.23907725500489,41.9457942978447
11,44.83441871267824,41.73273042276357
12,43.19266887493753,41.42092826104374
