Month,Avg_LaeqD,Avg_LaeqN
1,58.865853180724386,51.44684579486793
2,57.22755361515128,51.70922332006334
3,53.46445997808057,49.280949074743006
4,44.40930723623278,45.95705992098412
5,47.50013192083053,46.41216340218363
6,49.21443045226017,45.22336416341115
7,53.557684429775136,48.78766407563701
8,53.77947594150197,49.26831107724205
9,53.095951945082035,47.81126223370692
10,52.69299492397196,46.01633822194611
11,51.15627210905254,45.49986386567022
12,48.5986876151855,43.32228828835322
