Month,Avg_LaeqD,Avg_LaeqN
01,52.064516129032256,45.03225806451612
02,53.30000000000001,46.18620689655174
03,53.69677419354839,47.0516129032258
04,53.830000000000005,45.260000000000005
