Month,Avg_LaeqD,Avg_LaeqN
1,52.13755572412793,45.71082837930153
2,53.389381383255085,47.07007406018991
3,53.71873379059227,47.36834562463068
4,53.86340380617773,47.002247389423445
