Month,Avg_LaeqD,Avg_LaeqN
1,45.96385867259154,41.84074342426718
2,42.89374330063505,40.3947098810803
3,44.65415329850825,40.985237748049
4,45.83510892524504,39.52290852398423
5,47.39189351973798,41.73700827998782
6,47.68788704292576,38.9951477560902
7,47.85876095167492,37.18258330960998
8,42.56464012121556,39.5455999886425
9,43.05509659953562,38.461068638757105
10,45.99130616815959,40.81647245763908
11,45.24667339364144,41.84524967840034
12,42.73725285900771,42.60434086068365
