Month,Avg_LaeqD,Avg_LaeqN
01,43.28709677419355,45.71290322580645
02,44.65172413793102,45.94827586206897
03,43.948387096774184,46.46451612903226
04,43.83,46.89666666666667
