Month,Avg_LaeqD,Avg_LaeqN
1,47.755913212732395,46.96123256144796
2,49.240212222598664,48.45415910843478
3,46.54325266096967,47.7859459547951
4,47.78780436274343,49.7067849021669
