Month,Avg_LaeqD,Avg_LaeqN
01,42.067741935483866,36.97096774193548
02,44.14642857142858,32.80357142857143
03,44.96774193548387,34.022580645161284
04,27.17,16.796666666666663
05,46.725806451612904,35.41612903225807
06,47.08333333333333,39.92666666666666
07,48.803225806451614,42.95483870967742
08,50.16129032258065,44.02580645161289
09,50.326666666666675,44.39
10,50.19354838709677,43.83225806451612
11,49.476666666666674,43.50333333333333
12,48.3258064516129,41.70322580645162
