Month,Avg_LaeqD,Avg_LaeqN
01,39.983870967741936,28.470967741935482
02,43.857142857142854,27.678571428571427
03,41.29032258064516,30.161290322580648
04,40.21666666666667,28.74666666666667
05,26.319354838709682,22.919354838709676
06,33.55666666666666,26.05666666666667
07,46.880645161290325,35.62580645161291
08,41.55806451612902,19.580645161290327
09,41.64333333333333,35.34666666666667
10,45.077419354838696,40.15806451612903
11,42.13666666666666,31.72666666666667
12,45.55483870967742,36.96451612903226
