Month,Avg_LaeqD,Avg_LaeqN
1,48.725908224245806,40.4294855989381
2,49.41803871504946,42.797090151777
3,50.070115337028525,41.892356936311444
4,46.35819872519319,42.67420971604264
5,46.19301156821617,41.600309260484565
6,52.007774561712985,44.66004497707807
7,48.70698753847026,43.4098818238231
8,48.56317883392493,40.61665342367168
9,55.94127144233751,50.14806377269365
10,49.90234855348262,45.147719618614346
11,48.608891294857145,43.557065310654444
12,48.6059402301558,44.850067897960045
