Month,Avg_LaeqD,Avg_LaeqN
01,51.97741935483872,44.23870967741935
02,51.88928571428571,44.503571428571426
03,47.89354838709678,41.46129032258066
04,30.38666666666666,24.613333333333337
05,38.3774193548387,30.1
06,33.010000000000005,26.436666666666667
07,52.4967741935484,44.94193548387098
08,52.89677419354839,45.33870967741935
09,53.400000000000006,45.86666666666667
10,45.167741935483875,32.458064516129035
11,53.466666666666676,45.82000000000001
12,52.02903225806451,43.95161290322581
