Month,Avg_LaeqD,Avg_LaeqN
1,39.15107040293646,34.69853618450435
2,40.50149630778129,39.186973156891376
3,38.891354071039544,39.06783536472109
4,39.67426060183003,36.721475934106
5,49.48284692194754,47.03624324383482
6,51.72105071131209,47.791940109021596
7,45.77598316952519,40.419798522743235
8,41.02794306929318,38.03207160495356
9,41.612965255220395,38.18972740356043
10,51.720291538810656,45.78203477431943
11,41.14677643943202,34.88425406742912
12,43.43278246093355,39.465530475981474
