Month,Avg_LaeqD,Avg_LaeqN
01,33.351612903225806,35.86451612903225
02,38.267857142857146,36.57142857142857
03,33.65161290322581,32.822580645161295
04,31.056666666666665,32.666666666666664
05,31.60645161290323,35.877419354838715
06,39.559999999999995,38.24999999999999
07,35.29677419354839,38.570967741935476
08,30.0741935483871,37.40322580645161
09,39.69333333333334,44.49333333333333
10,47.335483870967735,46.835483870967735
11,38.9,44.133333333333326
12,39.26774193548387,44.4967741935484
