Month,Avg_LaeqD,Avg_LaeqN
1,52.96805080204287,45.53088083900164
2,52.614997504380085,45.38675842570559
3,52.71264045851397,45.37598407157924
4,51.32060252785941,44.454833278876656
5,53.33667070138549,46.89545652125275
6,53.46319816558865,46.91462073534809
7,53.090222479418,46.79819333918215
8,52.595336545590364,46.629759985796746
9,53.540411199956765,47.04843927179199
10,53.66402012089126,46.549116045085974
11,53.099388608538746,46.127867217530465
12,52.37397287305235,45.76295851713715
