Month,Avg_LaeqD,Avg_LaeqN
1,55.694970398577446,49.53085651986673
2,55.10836714080726,48.93639268099545
3,54.46294264996084,48.479848083176876
4,53.60098335173906,49.44413027004831
5,56.708653471608145,50.36110861484994
6,56.681148145657545,51.89201041004899
7,57.69416994202616,52.39239590636012
8,54.61023215563135,49.83383310528598
9,56.68033231049496,51.37213206207036
10,56.89807214494859,51.145772457833125
11,54.12811908308693,48.01017800919536
12,55.12801435213851,50.66065075572418
