Month,Avg_LaeqD,Avg_LaeqN
1,55.72873084853946,50.42172812263806
2,51.832880825929095,44.74340423405338
3,54.492333100810306,49.998705788985625
4,57.375594729384005,51.77353149372092
