Month,Avg_LaeqD,Avg_LaeqN
01,51.645161290322584,46.670967741935485
02,48.22068965517241,37.07586206896552
03,51.48387096774193,48.37419354838709
04,55.03333333333333,50.76999999999999
