Month,Avg_LaeqD,Avg_LaeqN
01,44.73548387096775,31.29032258064516
02,41.6551724137931,28.20689655172414
03,20.103225806451615,13.441935483870967
04,32.83,21.103333333333335
