Month,Avg_LaeqD,Avg_LaeqN
1,49.241592494273554,44.048768185259306
2,47.89241983594215,42.04194889617648
3,44.98569259978208,42.06973403572292
4,47.42658349171053,42.89799956838852
