Month,Avg_LaeqD,Avg_LaeqN
01,48.84516129032257,38.41290322580646
02,46.11071428571429,43.03214285714286
03,52.13548387096775,45.28387096774194
04,51.71666666666666,45.806666666666665
05,51.35483870967742,44.354838709677416
06,53.9,49.21333333333334
07,55.59677419354839,49.79354838709678
08,56.554838709677426,51.274193548387096
09,54.55333333333332,47.98333333333333
10,51.912903225806446,47.34838709677419
11,53.37,48.64666666666667
12,52.96129032258064,48.38387096774194
