Month,Avg_LaeqD,Avg_LaeqN
01,21.590322580645164,11.822580645161292
02,13.653571428571427,12.046428571428573
03,14.593548387096773,18.74516129032258
04,29.836666666666666,27.973333333333336
05,32.95806451612903,26.04193548387097
06,38.89,36.14666666666666
07,35.98064516129032,38.28064516129032
08,34.91612903225806,37.64516129032259
09,38.28666666666667,33.13666666666667
10,37.48064516129032,34.74838709677419
11,28.44666666666667,32.04
12,30.548387096774192,31.580645161290324
