Month,Avg_LaeqD,Avg_LaeqN
01,51.31935483870967,44.57419354838709
02,50.11428571428572,39.403571428571425
03,51.31612903225807,38.7741935483871
04,45.019999999999996,30.386666666666663
05,48.42903225806452,39.112903225806456
06,52.14666666666667,1.6733333333333331
07,56.096774193548384,49.29354838709677
08,56.89677419354838,50.14193548387098
09,55.10333333333333,48.93666666666666
10,55.86451612903226,49.648387096774194
11,55.81000000000001,49.28
12,55.29677419354838,47.519354838709674
