Month,Avg_LaeqD,Avg_LaeqN
1,51.53413651318779,43.89917148557511
2,50.906228382415506,43.502529133647236
3,50.16088240170893,43.57610807417038
4,33.5,32.0
5,36.8,41.0
6,36.7,31.0
7,47.506472758644236,39.918215086014335
8,48.186873339193454,41.283974705633504
9,48.437012475339415,41.301824508445364
10,48.176151520863286,41.851130737008326
11,45.816135706833094,41.1359911731008
12,47.12713920985881,40.85963150688733
