Month,Avg_LaeqD,Avg_LaeqN
01,51.283870967741926,43.68387096774194
02,49.43448275862069,39.72068965517241
03,32.05483870967742,21.299999999999997
04,11.233333333333333,1.0666666666666667
05,20.019354838709678,2.4935483870967743
06,26.613333333333337,1.9866666666666668
07,47.19354838709679,36.406451612903226
08,48.13548387096775,40.22903225806452
09,48.38333333333333,40.78333333333333
10,47.94193548387098,40.0516129032258
11,45.39999999999999,37.28333333333333
12,46.89677419354839,38.445161290322574
