Month,Avg_LaeqD,Avg_LaeqN
1,48.280967336244814,43.11187485069699
2,48.97796052748026,42.6477600443602
3,49.750746654393616,43.41932420129848
4,51.006374577840894,45.484976694195694
5,51.48422282243767,44.99045096445102
6,51.72012585158881,45.64516217327342
7,51.7308659915699,45.084745860780785
8,50.95077375819403,45.27114051503814
9,52.32351395211532,46.00016705640533
10,50.54830601188706,43.683212752103444
11,51.526025920825404,45.14633251139646
12,50.697976115565226,44.55063444036928
