Month,Avg_LaeqD,Avg_LaeqN
01,3.4322580645161294,1.332258064516129
02,10.653571428571427,1.1964285714285714
03,3.729032258064516,2.3161290322580643
04,43.263333333333335,35.49666666666667
05,10.938709677419356,4.519354838709678
06,5.920000000000001,4.09
07,1.5870967741935484,0.0
08,5.6258064516129025,0.0
09,6.27,4.63
10,1.8741935483870968,1.2000000000000002
11,2.5300000000000002,0.9566666666666667
12,11.574193548387099,2.6709677419354843
