Month,Avg_LaeqD,Avg_LaeqN
2,39.1,33.5
4,60.755624221115745,54.40025642209357
5,56.599637776489374,54.03268447369743
6,31.198461586134172,42.02745924692269
12,33.0,33.7
