Month,Avg_LaeqD,Avg_LaeqN
08,36.2516129032258,1.0258064516129033
09,47.51333333333333,38.760000000000005
10,50.36129032258064,45.03225806451613
11,34.916666666666664,12.373333333333333
12,41.093548387096774,31.803225806451614
