Month,Avg_LaeqD,Avg_LaeqN
1,38.72802290962264,37.82031467453576
2,38.37905718801527,37.21721310368516
3,41.054882872262574,36.25070695544533
4,48.3,24.9
7,37.573620618557655,35.33788730291392
8,35.64326954666828,35.36986454899081
9,37.9231203439938,31.876325598359237
10,36.05609825470846,34.4597437606334
11,33.358816363744936,36.22844000127495
12,34.98665747318617,37.62004016694156
