Month,Avg_LaeqD,Avg_LaeqN
1,35.78353260833842,37.330874420171256
2,37.37526289654456,41.11399113477212
3,34.46364568611437,37.21136720347057
4,36.49302049574229,38.49872794929089
5,39.07083323925227,38.284647798444425
6,39.50464423242592,40.449412128935094
7,37.06895519637919,39.16282222874189
8,39.19512119850539,39.61678494426577
9,38.83531738694915,39.34182040279715
10,38.803027533828754,39.18954337776702
11,38.58723595451271,38.40108748102543
12,40.67438704435503,41.17507846900964
