Month,Avg_LaeqD,Avg_LaeqN
01,52.951612903225815,46.99677419354838
02,56.282142857142865,50.385714285714286
03,54.07741935483871,48.39354838709677
04,53.45666666666667,49.37
05,51.69032258064515,48.400000000000006
06,53.029999999999994,50.096666666666664
07,57.038709677419355,52.596774193548384
08,54.196774193548386,51.493548387096766
09,52.846666666666664,49.09000000000001
10,56.33870967741936,51.51612903225807
11,53.28666666666667,47.583333333333336
12,54.05806451612903,49.69677419354839
