Month,Avg_LaeqD,Avg_LaeqN
3,42.0,33.4
4,34.87979753988585,32.21412607130359
5,32.9,41.4
6,30.1,31.7
11,34.66408809363553,34.52350812023754
12,44.8,34.1
