Month,Avg_LaeqD,Avg_LaeqN
01,57.81612903225806,50.835483870967735
02,55.593103448275855,46.56551724137932
03,33.099999999999994,23.483870967741936
04,7.786666666666666,0.0
05,6.716129032258064,1.332258064516129
06,11.096666666666666,0.0
07,53.18387096774193,43.280645161290316
08,54.470967741935496,46.38064516129033
09,54.54999999999999,46.73333333333334
10,53.890322580645176,45.441935483870964
11,51.91333333333332,40.96333333333334
12,53.00322580645161,44.480645161290326
