Month,Avg_LaeqD,Avg_LaeqN
1,47.95341008721422,46.04910993380615
2,43.639477224388415,45.05220301193376
3,44.578455911560404,45.413700428272186
4,46.437624117892796,48.03160573286605
5,41.99044591852494,44.049497498294116
6,42.86485834007175,42.81172641403686
7,45.87240772600968,43.39634295847918
8,46.623504605907996,47.116975234179876
9,48.72357024471676,49.31231344893554
10,52.28783328648247,51.37437122350114
11,45.808910131550235,46.24512787455138
12,50.01656377002724,48.976431668227406
