Month,Avg_LaeqD,Avg_LaeqN
01,31.97741935483871,32.483870967741936
02,33.66071428571429,28.367857142857144
03,37.61612903225805,36.00322580645161
04,41.20666666666667,41.30333333333335
05,31.66129032258064,27.503225806451617
06,37.3,30.273333333333337
07,39.86451612903224,37.81612903225807
08,43.667741935483875,39.70322580645161
09,42.03,43.53333333333333
10,51.02258064516129,50.48064516129031
11,43.39666666666666,43.64666666666667
12,47.96129032258065,47.835483870967735
