Month,Avg_LaeqD,Avg_LaeqN
1,31.614126071303584,31.715081606950363
9,36.5,46.1
