Month,Avg_LaeqD,Avg_LaeqN
01,15.067741935483872,4.032258064516129
02,2.9035714285714285,2.367857142857143
03,3.2483870967741937,0.0
04,3.1933333333333334,2.246666666666667
05,8.374193548387096,1.0935483870967742
06,0.0,0.9833333333333333
07,1.2000000000000002,1.1741935483870967
08,7.151612903225806,1.0806451612903225
09,5.736666666666666,2.69
10,3.1161290322580646,3.687096774193548
11,3.286666666666667,2.4766666666666666
12,4.187096774193549,4.041935483870968
