Month,Avg_LaeqD,Avg_LaeqN
1,67.62501642475135,61.17630084987248
2,66.75751980252689,60.360467859950035
3,67.50552522085444,60.943633663669594
4,68.70841115206477,61.685252945691566
5,68.98451052882015,62.454706941920165
6,69.04053018875102,62.751207290084956
7,68.38784344750563,61.43416007081364
8,69.14913671687216,63.077516172233445
9,69.4295745883462,63.409008353154775
10,68.9291411182898,61.45405171243
11,68.57654115741123,62.425385283132485
12,68.00246762721014,61.5408813428147
