Month,Avg_LaeqD,Avg_LaeqN
01,3.2806451612903227,2.570967741935484
02,5.210344827586207,0.0
03,1.2935483870967743,0.0
04,0.0,0.0
05,0.0,0.0
06,0.0,0.0
07,3.148387096774194,1.332258064516129
08,0.0,1.4451612903225806
09,3.686666666666667,0.0
10,0.0,0.0
11,4.633333333333334,0.0
12,2.2129032258064516,0.0
