Month,Avg_LaeqD,Avg_LaeqN
1,42.444610324157665,42.43813728390974
2,39.6920375657444,41.708008343215724
3,40.49100025628781,42.19957568535588
4,36.413710202187254,30.97326975294258
5,33.57300333752934,36.88445457902631
6,32.3822650239718,32.940494919334576
7,37.92829170437723,38.02656107716032
8,39.736213566504325,37.77966775471136
9,39.002794289896926,38.35559211601937
10,38.4395159891264,36.946832007110395
11,37.87240257115823,34.8406821108502
12,37.66435797999407,37.063840387610945
