Month,Avg_LaeqD,Avg_LaeqN
01,46.2741935483871,44.73548387096775
02,47.46785714285715,46.73928571428571
03,51.11935483870967,48.78387096774194
04,46.96666666666668,47.28
05,49.877419354838715,46.19677419354838
06,44.11666666666666,46.22333333333332
07,45.300000000000004,46.00967741935484
08,44.074193548387086,44.812903225806444
09,48.416666666666664,49.00333333333334
10,50.54516129032257,49.89677419354838
11,47.086666666666666,47.60000000000001
12,49.509677419354844,47.693548387096776
