Month,Avg_LaeqD,Avg_LaeqN
01,19.406451612903222,16.6
02,23.675,20.482142857142854
03,8.961290322580643,13.770967741935484
04,13.506666666666666,13.186666666666667
05,18.74516129032258,14.748387096774195
06,24.763333333333332,18.05333333333333
07,16.161290322580644,12.7
08,20.138709677419357,19.470967741935482
09,13.006666666666666,15.036666666666667
10,19.032258064516128,12.287096774193548
11,19.853333333333335,25.42
12,19.567741935483877,15.412903225806453
