Month,Avg_LaeqD,Avg_LaeqN
1,47.41039714366708,43.78918756050282
2,46.912472319351565,43.39434357094391
3,47.457471176829024,44.38639464834339
4,50.10447541472121,45.18805652478099
5,49.46677557674289,46.04450966815439
6,51.72829739537346,47.531108620364996
7,49.098847551816675,46.608288923991765
8,45.866961940293145,45.54120299264519
9,46.994006875117336,46.770223877772395
10,45.56045611106329,45.10576351739527
11,43.18406935245203,43.888288814869945
12,43.4005256014928,44.13353259587219
