Month,Avg_LaeqD,Avg_LaeqN
01,47.04193548387097,42.851612903225806
02,46.453571428571415,42.432142857142864
03,46.89354838709678,43.54516129032259
04,49.489999999999995,42.529999999999994
05,49.19677419354839,45.61935483870967
06,51.443333333333335,47.27666666666667
07,46.99354838709677,45.56129032258064
08,44.21290322580646,44.44838709677419
09,45.376666666666665,45.78000000000001
10,44.34838709677419,44.70967741935485
11,41.91333333333333,41.86333333333332
12,41.22903225806451,40.561290322580646
