Month,Avg_LaeqD,Avg_LaeqN
01,30.66129032258064,31.183870967741942
02,35.975,21.989285714285717
03,33.77096774193548,31.064516129032263
04,35.61000000000001,35.24
05,36.293548387096784,35.49677419354839
06,39.77,36.06333333333334
07,38.893548387096786,39.09677419354838
08,42.093548387096774,45.55806451612903
09,43.14333333333333,41.65
10,45.16129032258065,44.91935483870967
11,38.59333333333334,40.96666666666667
12,36.66129032258064,39.05806451612903
