Month,Avg_LaeqD,Avg_LaeqN
01,52.17741935483871,41.1
02,57.94285714285714,50.97142857142857
03,58.154838709677435,49.10322580645162
04,49.68333333333332,44.75666666666665
05,58.86129032258064,52.3774193548387
06,59.16333333333333,52.190000000000005
07,59.03870967741936,52.30322580645161
08,59.09032258064516,52.351612903225806
09,59.43999999999999,52.29
10,59.35483870967743,52.0741935483871
11,56.58333333333333,47.986666666666665
12,58.20000000000001,51.13225806451613
