Month,Avg_LaeqD,Avg_LaeqN
01,68.36774193548388,60.19354838709677
02,65.7551724137931,55.72413793103449
03,33.490322580645156,27.316129032258065
04,1.2333333333333334,1.2
05,5.1645161290322585,0.0
06,9.106666666666667,0.0
07,64.13225806451612,53.00967741935483
08,65.99677419354836,57.50967741935484
09,65.64333333333333,57.16
10,64.71935483870968,55.783870967741926
11,62.316666666666656,50.21
12,64.33548387096774,55.65483870967742
