Month,Avg_LaeqD,Avg_LaeqN
01,34.70967741935484,24.261290322580642
02,28.734482758620693,14.544827586206894
03,15.529032258064515,9.961290322580645
04,28.229999999999997,18.89
