Month,Avg_LaeqD,Avg_LaeqN
1,41.07419656345144,38.10997031273067
2,40.80887538489392,38.93767927517708
3,40.45245689952146,38.98734282066027
4,40.709486343053385,38.76450501904958
