Month,Avg_LaeqD,Avg_LaeqN
1,67.20941069181544,61.33732834304631
2,68.31474274795032,61.68662663707728
3,68.71663999108448,61.76090415362469
4,69.22262916991677,62.5110669325733
5,69.6658618964328,63.78779332591903
6,69.26440820325232,62.44894368275947
7,69.372795327524,62.68378326665655
8,69.83147642349059,63.35387932051204
9,69.90014617581312,63.148751046228384
10,70.00856249184734,63.00172311213284
11,70.16352767321557,63.09613474823273
12,68.90490939951366,62.220683901516395
