Month,Avg_LaeqD,Avg_LaeqN
01,41.599999999999994,36.28064516129033
02,37.279310344827586,28.16206896551724
03,31.5483870967742,20.75483870967742
04,27.969999999999995,15.666666666666664
05,35.91612903225806,11.722580645161292
06,37.36666666666667,23.913333333333338
07,21.74838709677419,11.693548387096776
08,25.883870967741935,13.641935483870967
09,22.06333333333333,10.219999999999999
10,23.91935483870968,15.593548387096773
11,22.273333333333333,8.17
12,11.88709677419355,4.809677419354839
