Month,Avg_LaeqD,Avg_LaeqN
1,47.61015714016544,44.572466703901306
2,47.64259973760911,38.72192438293692
3,48.69089372629682,45.37402457628551
4,59.883384850585756,52.97843646991915
5,46.173965861754596,38.891226949690385
6,48.954200865493895,42.756707169160165
7,50.58320125052164,42.529775061110264
8,50.088061545162006,42.452110934479734
9,51.829127897674816,43.97405302839783
10,51.014871553816306,44.77281932001712
11,52.80321386564275,49.6186537657647
12,47.739313531030945,40.794276295690494
