Month,Avg_LaeqD,Avg_LaeqN
01,42.4483870967742,44.01935483870968
02,42.035714285714285,42.06785714285714
03,46.16451612903226,48.12903225806453
04,35.12,40.98666666666667
05,40.08387096774194,42.53225806451613
06,45.10666666666667,49.14666666666666
07,41.50645161290323,43.79677419354839
08,42.4032258064516,45.45161290322581
10,46.641935483870974,48.622580645161285
11,47.08333333333334,45.00666666666666
12,46.81612903225806,47.55483870967741
