Month,Avg_LaeqD,Avg_LaeqN
01,54.81612903225807,49.57419354838709
02,55.19642857142857,46.77142857142858
03,53.81935483870967,46.91935483870969
04,56.79999999999999,50.173333333333325
05,57.167741935483875,49.92903225806452
06,58.14999999999999,51.66333333333333
07,57.44193548387098,50.8516129032258
08,57.677419354838705,51.23225806451614
09,58.48666666666667,51.37666666666666
10,40.041935483870965,37.71290322580645
11,57.55333333333333,50.64333333333334
12,56.945161290322574,49.80967741935484
