Month,Avg_LaeqD,Avg_LaeqN
01,39.803225806451614,41.129032258064534
02,40.70357142857142,41.089285714285715
03,40.803225806451614,42.561290322580646
04,40.36,43.31666666666667
05,45.3,45.03225806451613
06,44.56333333333334,44.15666666666667
07,40.748387096774195,43.803225806451614
08,43.04838709677419,44.325806451612905
09,43.84666666666667,43.336666666666666
10,39.92903225806452,42.961290322580645
11,44.05333333333333,43.78
12,39.73548387096775,39.18064516129033
