Month,Avg_LaeqD,Avg_LaeqN
3,53.310407735854625,54.4954213893596
5,41.5,41.89999999999999
6,31.4,34.5
7,52.0,53.6
8,39.6,32.6
