Month,Avg_LaeqD,Avg_LaeqN
01,7.622580645161291,0.9161290322580645
02,2.4678571428571425,0.0
03,4.393548387096774,2.7806451612903227
04,5.926666666666667,3.45
05,6.603225806451612,3.4516129032258065
06,11.890000000000002,3.3466666666666667
07,5.070967741935483,3.7419354838709675
08,10.512903225806452,6.025806451612904
09,2.9099999999999997,6.906666666666666
10,4.270967741935484,0.0
11,4.096666666666667,4.983333333333333
12,0.970967741935484,1.103225806451613
