Month,Avg_LaeqD,Avg_LaeqN
1,39.80869815379654,40.75488610893583
2,39.57460102007664,41.49704764481978
3,41.8517927316238,42.582626858198935
4,39.62159695533265,42.769829890896176
