Month,Avg_LaeqD,Avg_LaeqN
01,22.5741935483871,19.10967741935484
02,25.893103448275866,25.04137931034483
03,33.103225806451604,32.46774193548388
04,17.58,20.540000000000003
