Month,Avg_LaeqD,Avg_LaeqN
01,68.28064516129034,60.49032258064517
02,68.24285714285715,60.23571428571428
03,32.038709677419355,27.516129032258064
04,3.6599999999999997,0.0
05,4.964516129032258,0.0
06,5.013333333333334,2.3233333333333333
07,69.63548387096775,60.85161290322579
08,70.17419354838708,61.93225806451613
09,70.07999999999998,61.85666666666666
10,35.75483870967742,31.04838709677419
11,70.22,62.839999999999996
12,68.70322580645161,60.47741935483871
