Month,Avg_LaeqD,Avg_LaeqN
1,68.57023283365423,61.233370623627906
2,68.46520110046501,60.685325601292625
3,68.32383703753855,61.68795881040673
7,69.66734858080291,61.140459155676304
8,70.1976627873686,62.36246342370378
9,70.12407995653075,62.23399559924063
10,69.28627714983266,60.33337204975766
11,70.27735824075106,63.260755496435465
12,68.85752551515048,61.19193028527057
