Month,Avg_LaeqD,Avg_LaeqN
1,62.44634380901881,56.87349903623898
2,61.24199957407984,55.86950447875968
3,61.26836164412373,54.24014073076303
4,62.150880082765376,56.65170219271993
5,63.77291971752962,57.875539718462356
6,65.50478993796068,58.90031050811107
7,67.18821159399404,60.76626657120963
8,67.47509712859488,61.11946650620248
9,67.4623577758151,61.02505424882046
10,67.16649385190068,60.939010523961734
11,66.36875198334971,59.43394041027295
12,65.8265799280584,59.666601976154105
