Month,Avg_LaeqD,Avg_LaeqN
1,41.2235553666365,39.154042875391134
2,41.80650799724625,38.009510002589344
3,40.7118397198806,39.31015975949377
4,38.88675118339618,39.52943185988999
5,39.46422326749564,39.698891817915396
6,42.08037092585584,39.60558412929653
7,41.00647401555791,38.452847119594146
8,41.50083887979448,37.597898319502406
9,50.194024516287044,46.47470760509692
10,41.830720108436765,39.51075191517901
11,41.317688616762574,39.429883911956026
12,40.27456513330109,37.731475864734094
