Month,Avg_LaeqD,Avg_LaeqN
01,28.870967741935484,17.987096774193553
02,36.767857142857146,21.45357142857143
03,32.63870967741936,26.316129032258065
04,26.37666666666667,19.606666666666662
05,17.5741935483871,12.712903225806452
06,25.84666666666667,18.193333333333335
07,38.12903225806452,31.819354838709682
08,30.932258064516127,17.85483870967742
09,31.436666666666664,26.706666666666667
10,34.5258064516129,30.664516129032254
11,26.403333333333332,18.799999999999997
12,30.519354838709678,22.83870967741936
