Month,Avg_LaeqD,Avg_LaeqN
01,50.91612903225808,44.21612903225806
02,50.93571428571429,44.167857142857144
03,51.616129032258065,45.435483870967744
04,52.666666666666664,43.96333333333334
05,52.1225806451613,45.84193548387097
06,51.73333333333334,45.95333333333333
07,51.23548387096774,45.225806451612904
08,51.82258064516128,45.95161290322581
09,48.1,42.79999999999999
10,53.50322580645162,45.95161290322581
11,53.41,46.599999999999994
12,52.4967741935484,44.79677419354839
