Month,Avg_LaeqD,Avg_LaeqN
01,32.70645161290322,12.725806451612904
02,35.09285714285714,11.757142857142856
03,39.71290322580645,23.89032258064516
04,43.74,23.313333333333336
05,36.47096774193549,18.554838709677416
06,45.35,24.673333333333336
07,43.458064516129035,16.68064516129032
08,46.79677419354838,25.04193548387097
09,40.49666666666666,27.44666666666667
10,32.729032258064514,22.616129032258065
11,41.17333333333333,25.39666666666667
12,38.46774193548387,24.861290322580647
