Month,Avg_LaeqD,Avg_LaeqN
1,55.00777444674557,49.42223034776408
2,56.13017843715555,49.79519147954
3,55.85356104483979,49.79297732036963
4,56.639933046483236,51.13093169504265
5,55.471725948933226,49.98587872977021
6,57.9843366646074,53.00423550297129
7,58.95173650045241,53.186797145058975
8,57.539110292934446,51.3046083506628
9,58.749423952675755,52.39904456075229
10,57.793832143327094,51.50053368586903
11,54.99088532068947,49.99591742776051
12,58.04483620080084,51.73981931829268
