Month,Avg_LaeqD,Avg_LaeqN
1,57.54034734873721,50.86104369024969
2,58.42629833144127,51.57854489155515
3,58.50816489683289,52.09165384981613
4,59.08136856850562,51.89638569684313
