Month,Avg_LaeqD,Avg_LaeqN
01,57.49354838709678,50.50645161290322
02,44.237931034482756,37.04137931034483
03,58.409677419354836,50.21290322580644
04,59.03666666666667,50.08333333333334
